Row Type,Action,Keyword status,Campaign,Ad group,Keyword,Type,Final URL
Keyword,Add,Enabled,AquaFor - Search - Foraje puturi (nou),Foraj put apa,foraj put,Phrase match,https://forajedenisipariputuri.web.app/
Keyword,Add,Enabled,AquaFor - Search - Foraje puturi (nou),Foraj put apa,foraj put,Exact match,https://forajedenisipariputuri.web.app/
Keyword,Add,Enabled,AquaFor - Search - Foraje puturi (nou),Foraj put apa,foraje puturi,Phrase match,https://forajedenisipariputuri.web.app/
Keyword,Add,Enabled,AquaFor - Search - Foraje puturi (nou),Foraj put apa,foraje puturi,Exact match,https://forajedenisipariputuri.web.app/
Keyword,Add,Enabled,AquaFor - Search - Foraje puturi (nou),Foraj put apa,foraj put apa,Phrase match,https://forajedenisipariputuri.web.app/
Keyword,Add,Enabled,AquaFor - Search - Foraje puturi (nou),Foraj put apa,foraj put apa,Exact match,https://forajedenisipariputuri.web.app/
Keyword,Add,Enabled,AquaFor - Search - Foraje puturi (nou),Foraj put apa,foraje puturi apa,Phrase match,https://forajedenisipariputuri.web.app/
Keyword,Add,Enabled,AquaFor - Search - Foraje puturi (nou),Foraj put apa,foraje puturi apa,Exact match,https://forajedenisipariputuri.web.app/
Keyword,Add,Enabled,AquaFor - Search - Foraje puturi (nou),Foraj put apa,firma foraj put,Phrase match,https://forajedenisipariputuri.web.app/
Keyword,Add,Enabled,AquaFor - Search - Foraje puturi (nou),Foraj put apa,firma foraj put,Exact match,https://forajedenisipariputuri.web.app/
Keyword,Add,Enabled,AquaFor - Search - Foraje puturi (nou),Foraj put apa,firma foraje puturi,Phrase match,https://forajedenisipariputuri.web.app/
Keyword,Add,Enabled,AquaFor - Search - Foraje puturi (nou),Foraj put apa,firma foraje puturi,Exact match,https://forajedenisipariputuri.web.app/
Keyword,Add,Enabled,AquaFor - Search - Foraje puturi (nou),Foraj put apa,forare put,Phrase match,https://forajedenisipariputuri.web.app/
Keyword,Add,Enabled,AquaFor - Search - Foraje puturi (nou),Foraj put apa,forare put,Exact match,https://forajedenisipariputuri.web.app/
Keyword,Add,Enabled,AquaFor - Search - Foraje puturi (nou),Foraj put apa,put forat,Phrase match,https://forajedenisipariputuri.web.app/
Keyword,Add,Enabled,AquaFor - Search - Foraje puturi (nou),Foraj put apa,put forat,Exact match,https://forajedenisipariputuri.web.app/
Keyword,Add,Enabled,AquaFor - Search - Foraje puturi (nou),Foraj put apa,puturi forate,Phrase match,https://forajedenisipariputuri.web.app/
Keyword,Add,Enabled,AquaFor - Search - Foraje puturi (nou),Foraj put apa,puturi forate,Exact match,https://forajedenisipariputuri.web.app/
Keyword,Add,Enabled,AquaFor - Search - Foraje puturi (nou),Foraj put apa,foraj fantana,Phrase match,https://forajedenisipariputuri.web.app/
Keyword,Add,Enabled,AquaFor - Search - Foraje puturi (nou),Foraj put apa,foraj fantana,Exact match,https://forajedenisipariputuri.web.app/
Keyword,Add,Enabled,AquaFor - Search - Foraje puturi (nou),Foraj put apa,fantana forata,Phrase match,https://forajedenisipariputuri.web.app/
Keyword,Add,Enabled,AquaFor - Search - Foraje puturi (nou),Foraj put apa,fantana forata,Exact match,https://forajedenisipariputuri.web.app/
Keyword,Add,Enabled,AquaFor - Search - Foraje puturi (nou),Foraj put apa,foraj apa,Phrase match,https://forajedenisipariputuri.web.app/
Keyword,Add,Enabled,AquaFor - Search - Foraje puturi (nou),Foraj put apa,foraj apa,Exact match,https://forajedenisipariputuri.web.app/
Keyword,Add,Enabled,AquaFor - Search - Foraje puturi (nou),Foraj put apa,executie put forat,Phrase match,https://forajedenisipariputuri.web.app/
Keyword,Add,Enabled,AquaFor - Search - Foraje puturi (nou),Foraj put apa,executie put forat,Exact match,https://forajedenisipariputuri.web.app/
Keyword,Add,Enabled,AquaFor - Search - Foraje puturi (nou),Pret foraj put,pret foraj put,Phrase match,https://forajedenisipariputuri.web.app/calculator-pret
Keyword,Add,Enabled,AquaFor - Search - Foraje puturi (nou),Pret foraj put,pret foraj put,Exact match,https://forajedenisipariputuri.web.app/calculator-pret
Keyword,Add,Enabled,AquaFor - Search - Foraje puturi (nou),Pret foraj put,pret put forat,Phrase match,https://forajedenisipariputuri.web.app/calculator-pret
Keyword,Add,Enabled,AquaFor - Search - Foraje puturi (nou),Pret foraj put,pret put forat,Exact match,https://forajedenisipariputuri.web.app/calculator-pret
Keyword,Add,Enabled,AquaFor - Search - Foraje puturi (nou),Pret foraj put,cat costa un put forat,Phrase match,https://forajedenisipariputuri.web.app/calculator-pret
Keyword,Add,Enabled,AquaFor - Search - Foraje puturi (nou),Pret foraj put,cat costa un put forat,Exact match,https://forajedenisipariputuri.web.app/calculator-pret
Keyword,Add,Enabled,AquaFor - Search - Foraje puturi (nou),Pret foraj put,cat costa forarea unui put,Phrase match,https://forajedenisipariputuri.web.app/calculator-pret
Keyword,Add,Enabled,AquaFor - Search - Foraje puturi (nou),Pret foraj put,cat costa forarea unui put,Exact match,https://forajedenisipariputuri.web.app/calculator-pret
Keyword,Add,Enabled,AquaFor - Search - Foraje puturi (nou),Pret foraj put,foraj put pret,Phrase match,https://forajedenisipariputuri.web.app/calculator-pret
Keyword,Add,Enabled,AquaFor - Search - Foraje puturi (nou),Pret foraj put,foraj put pret,Exact match,https://forajedenisipariputuri.web.app/calculator-pret
Keyword,Add,Enabled,AquaFor - Search - Foraje puturi (nou),Pret foraj put,pret foraj put apa,Phrase match,https://forajedenisipariputuri.web.app/calculator-pret
Keyword,Add,Enabled,AquaFor - Search - Foraje puturi (nou),Pret foraj put,pret foraj put apa,Exact match,https://forajedenisipariputuri.web.app/calculator-pret
Keyword,Add,Enabled,AquaFor - Search - Foraje puturi (nou),Pret foraj put,foraj put pret metru,Phrase match,https://forajedenisipariputuri.web.app/calculator-pret
Keyword,Add,Enabled,AquaFor - Search - Foraje puturi (nou),Pret foraj put,foraj put pret metru,Exact match,https://forajedenisipariputuri.web.app/calculator-pret
Keyword,Add,Enabled,AquaFor - Search - Foraje puturi (nou),Pret foraj put,pret metru foraj,Phrase match,https://forajedenisipariputuri.web.app/calculator-pret
Keyword,Add,Enabled,AquaFor - Search - Foraje puturi (nou),Pret foraj put,pret metru foraj,Exact match,https://forajedenisipariputuri.web.app/calculator-pret
Keyword,Add,Enabled,AquaFor - Search - Foraje puturi (nou),Pret foraj put,cost put forat,Phrase match,https://forajedenisipariputuri.web.app/calculator-pret
Keyword,Add,Enabled,AquaFor - Search - Foraje puturi (nou),Pret foraj put,cost put forat,Exact match,https://forajedenisipariputuri.web.app/calculator-pret
Keyword,Add,Enabled,AquaFor - Search - Foraje puturi (nou),Pret foraj put,calculator pret foraj,Phrase match,https://forajedenisipariputuri.web.app/calculator-pret
Keyword,Add,Enabled,AquaFor - Search - Foraje puturi (nou),Pret foraj put,calculator pret foraj,Exact match,https://forajedenisipariputuri.web.app/calculator-pret
Keyword,Add,Enabled,AquaFor - Search - Foraje puturi (nou),Denisipare put,denisipare put,Phrase match,https://forajedenisipariputuri.web.app/
Keyword,Add,Enabled,AquaFor - Search - Foraje puturi (nou),Denisipare put,denisipare put,Exact match,https://forajedenisipariputuri.web.app/
Keyword,Add,Enabled,AquaFor - Search - Foraje puturi (nou),Denisipare put,denisipare puturi,Phrase match,https://forajedenisipariputuri.web.app/
Keyword,Add,Enabled,AquaFor - Search - Foraje puturi (nou),Denisipare put,denisipare puturi,Exact match,https://forajedenisipariputuri.web.app/
Keyword,Add,Enabled,AquaFor - Search - Foraje puturi (nou),Denisipare put,denisipare put forat,Phrase match,https://forajedenisipariputuri.web.app/
Keyword,Add,Enabled,AquaFor - Search - Foraje puturi (nou),Denisipare put,denisipare put forat,Exact match,https://forajedenisipariputuri.web.app/
Keyword,Add,Enabled,AquaFor - Search - Foraje puturi (nou),Denisipare put,curatare put forat,Phrase match,https://forajedenisipariputuri.web.app/
Keyword,Add,Enabled,AquaFor - Search - Foraje puturi (nou),Denisipare put,curatare put forat,Exact match,https://forajedenisipariputuri.web.app/
Keyword,Add,Enabled,AquaFor - Search - Foraje puturi (nou),Denisipare put,curatare put,Phrase match,https://forajedenisipariputuri.web.app/
Keyword,Add,Enabled,AquaFor - Search - Foraje puturi (nou),Denisipare put,curatare put,Exact match,https://forajedenisipariputuri.web.app/
Keyword,Add,Enabled,AquaFor - Search - Foraje puturi (nou),Denisipare put,put cu nisip,Phrase match,https://forajedenisipariputuri.web.app/
Keyword,Add,Enabled,AquaFor - Search - Foraje puturi (nou),Denisipare put,put cu nisip,Exact match,https://forajedenisipariputuri.web.app/
Keyword,Add,Enabled,AquaFor - Search - Foraje puturi (nou),Denisipare put,put infundat,Phrase match,https://forajedenisipariputuri.web.app/
Keyword,Add,Enabled,AquaFor - Search - Foraje puturi (nou),Denisipare put,put infundat,Exact match,https://forajedenisipariputuri.web.app/
Keyword,Add,Enabled,AquaFor - Search - Foraje puturi (nou),Denisipare put,put colmatat,Phrase match,https://forajedenisipariputuri.web.app/
Keyword,Add,Enabled,AquaFor - Search - Foraje puturi (nou),Denisipare put,put colmatat,Exact match,https://forajedenisipariputuri.web.app/
Keyword,Add,Enabled,AquaFor - Search - Foraje puturi (nou),Denisipare put,pret denisipare put,Phrase match,https://forajedenisipariputuri.web.app/
Keyword,Add,Enabled,AquaFor - Search - Foraje puturi (nou),Denisipare put,pret denisipare put,Exact match,https://forajedenisipariputuri.web.app/
Keyword,Add,Enabled,AquaFor - Search - Foraje puturi (nou),Denisipare put,cat costa denisiparea unui put,Phrase match,https://forajedenisipariputuri.web.app/
Keyword,Add,Enabled,AquaFor - Search - Foraje puturi (nou),Denisipare put,cat costa denisiparea unui put,Exact match,https://forajedenisipariputuri.web.app/
Keyword,Add,Enabled,AquaFor - Search - Foraje puturi (nou),Put secat adancire,put secat,Phrase match,https://forajedenisipariputuri.web.app/blog/put-secat-adancire-sau-foraj-nou
Keyword,Add,Enabled,AquaFor - Search - Foraje puturi (nou),Put secat adancire,put secat,Exact match,https://forajedenisipariputuri.web.app/blog/put-secat-adancire-sau-foraj-nou
Keyword,Add,Enabled,AquaFor - Search - Foraje puturi (nou),Put secat adancire,put fara apa,Phrase match,https://forajedenisipariputuri.web.app/blog/put-secat-adancire-sau-foraj-nou
Keyword,Add,Enabled,AquaFor - Search - Foraje puturi (nou),Put secat adancire,put fara apa,Exact match,https://forajedenisipariputuri.web.app/blog/put-secat-adancire-sau-foraj-nou
Keyword,Add,Enabled,AquaFor - Search - Foraje puturi (nou),Put secat adancire,adancire put,Phrase match,https://forajedenisipariputuri.web.app/blog/put-secat-adancire-sau-foraj-nou
Keyword,Add,Enabled,AquaFor - Search - Foraje puturi (nou),Put secat adancire,adancire put,Exact match,https://forajedenisipariputuri.web.app/blog/put-secat-adancire-sau-foraj-nou
Keyword,Add,Enabled,AquaFor - Search - Foraje puturi (nou),Put secat adancire,adancire put forat,Phrase match,https://forajedenisipariputuri.web.app/blog/put-secat-adancire-sau-foraj-nou
Keyword,Add,Enabled,AquaFor - Search - Foraje puturi (nou),Put secat adancire,adancire put forat,Exact match,https://forajedenisipariputuri.web.app/blog/put-secat-adancire-sau-foraj-nou
Keyword,Add,Enabled,AquaFor - Search - Foraje puturi (nou),Put secat adancire,put nu mai are apa,Phrase match,https://forajedenisipariputuri.web.app/blog/put-secat-adancire-sau-foraj-nou
Keyword,Add,Enabled,AquaFor - Search - Foraje puturi (nou),Put secat adancire,put nu mai are apa,Exact match,https://forajedenisipariputuri.web.app/blog/put-secat-adancire-sau-foraj-nou
Keyword,Add,Enabled,AquaFor - Search - Foraje puturi (nou),Put secat adancire,putul nu mai da apa,Phrase match,https://forajedenisipariputuri.web.app/blog/put-secat-adancire-sau-foraj-nou
Keyword,Add,Enabled,AquaFor - Search - Foraje puturi (nou),Put secat adancire,putul nu mai da apa,Exact match,https://forajedenisipariputuri.web.app/blog/put-secat-adancire-sau-foraj-nou
Keyword,Add,Enabled,AquaFor - Search - Foraje puturi (nou),Put secat adancire,reparatii puturi,Phrase match,https://forajedenisipariputuri.web.app/blog/put-secat-adancire-sau-foraj-nou
Keyword,Add,Enabled,AquaFor - Search - Foraje puturi (nou),Put secat adancire,reparatii puturi,Exact match,https://forajedenisipariputuri.web.app/blog/put-secat-adancire-sau-foraj-nou
Keyword,Add,Enabled,AquaFor - Search - Foraje puturi (nou),Put secat adancire,reparatie put forat,Phrase match,https://forajedenisipariputuri.web.app/blog/put-secat-adancire-sau-foraj-nou
Keyword,Add,Enabled,AquaFor - Search - Foraje puturi (nou),Put secat adancire,reparatie put forat,Exact match,https://forajedenisipariputuri.web.app/blog/put-secat-adancire-sau-foraj-nou
Keyword,Add,Enabled,AquaFor - Search - Foraje puturi (nou),Put secat adancire,reabilitare put,Phrase match,https://forajedenisipariputuri.web.app/blog/put-secat-adancire-sau-foraj-nou
Keyword,Add,Enabled,AquaFor - Search - Foraje puturi (nou),Put secat adancire,reabilitare put,Exact match,https://forajedenisipariputuri.web.app/blog/put-secat-adancire-sau-foraj-nou
Keyword,Add,Enabled,AquaFor - Search - Foraje puturi (nou),Foraj put zona,foraj put bucuresti,Phrase match,https://forajedenisipariputuri.web.app/foraje-puturi-bucuresti
Keyword,Add,Enabled,AquaFor - Search - Foraje puturi (nou),Foraj put zona,foraj put bucuresti,Exact match,https://forajedenisipariputuri.web.app/foraje-puturi-bucuresti
Keyword,Add,Enabled,AquaFor - Search - Foraje puturi (nou),Foraj put zona,foraje puturi bucuresti,Phrase match,https://forajedenisipariputuri.web.app/foraje-puturi-bucuresti
Keyword,Add,Enabled,AquaFor - Search - Foraje puturi (nou),Foraj put zona,foraje puturi bucuresti,Exact match,https://forajedenisipariputuri.web.app/foraje-puturi-bucuresti
Keyword,Add,Enabled,AquaFor - Search - Foraje puturi (nou),Foraj put zona,foraj put ilfov,Phrase match,https://forajedenisipariputuri.web.app/foraje-puturi-ilfov
Keyword,Add,Enabled,AquaFor - Search - Foraje puturi (nou),Foraj put zona,foraj put ilfov,Exact match,https://forajedenisipariputuri.web.app/foraje-puturi-ilfov
Keyword,Add,Enabled,AquaFor - Search - Foraje puturi (nou),Foraj put zona,foraje puturi ilfov,Phrase match,https://forajedenisipariputuri.web.app/foraje-puturi-ilfov
Keyword,Add,Enabled,AquaFor - Search - Foraje puturi (nou),Foraj put zona,foraje puturi ilfov,Exact match,https://forajedenisipariputuri.web.app/foraje-puturi-ilfov
Keyword,Add,Enabled,AquaFor - Search - Foraje puturi (nou),Foraj put zona,foraj put dambovita,Phrase match,https://forajedenisipariputuri.web.app/foraje-puturi-dambovita
Keyword,Add,Enabled,AquaFor - Search - Foraje puturi (nou),Foraj put zona,foraj put dambovita,Exact match,https://forajedenisipariputuri.web.app/foraje-puturi-dambovita
Keyword,Add,Enabled,AquaFor - Search - Foraje puturi (nou),Foraj put zona,foraje puturi dambovita,Phrase match,https://forajedenisipariputuri.web.app/foraje-puturi-dambovita
Keyword,Add,Enabled,AquaFor - Search - Foraje puturi (nou),Foraj put zona,foraje puturi dambovita,Exact match,https://forajedenisipariputuri.web.app/foraje-puturi-dambovita
Keyword,Add,Enabled,AquaFor - Search - Foraje puturi (nou),Foraj put zona,foraj put teleorman,Phrase match,https://forajedenisipariputuri.web.app/foraje-puturi-teleorman
Keyword,Add,Enabled,AquaFor - Search - Foraje puturi (nou),Foraj put zona,foraj put teleorman,Exact match,https://forajedenisipariputuri.web.app/foraje-puturi-teleorman
Keyword,Add,Enabled,AquaFor - Search - Foraje puturi (nou),Foraj put zona,foraje puturi teleorman,Phrase match,https://forajedenisipariputuri.web.app/foraje-puturi-teleorman
Keyword,Add,Enabled,AquaFor - Search - Foraje puturi (nou),Foraj put zona,foraje puturi teleorman,Exact match,https://forajedenisipariputuri.web.app/foraje-puturi-teleorman
Keyword,Add,Enabled,AquaFor - Search - Foraje puturi (nou),Foraj put zona,foraj put dolj,Phrase match,https://forajedenisipariputuri.web.app/foraje-puturi-dolj
Keyword,Add,Enabled,AquaFor - Search - Foraje puturi (nou),Foraj put zona,foraj put dolj,Exact match,https://forajedenisipariputuri.web.app/foraje-puturi-dolj
Keyword,Add,Enabled,AquaFor - Search - Foraje puturi (nou),Foraj put zona,foraje puturi dolj,Phrase match,https://forajedenisipariputuri.web.app/foraje-puturi-dolj
Keyword,Add,Enabled,AquaFor - Search - Foraje puturi (nou),Foraj put zona,foraje puturi dolj,Exact match,https://forajedenisipariputuri.web.app/foraje-puturi-dolj
Keyword,Add,Enabled,AquaFor - Search - Foraje puturi (nou),Foraj put zona,foraj put ialomita,Phrase match,https://forajedenisipariputuri.web.app/foraje-puturi-ialomita
Keyword,Add,Enabled,AquaFor - Search - Foraje puturi (nou),Foraj put zona,foraj put ialomita,Exact match,https://forajedenisipariputuri.web.app/foraje-puturi-ialomita
Keyword,Add,Enabled,AquaFor - Search - Foraje puturi (nou),Foraj put zona,foraje puturi ialomita,Phrase match,https://forajedenisipariputuri.web.app/foraje-puturi-ialomita
Keyword,Add,Enabled,AquaFor - Search - Foraje puturi (nou),Foraj put zona,foraje puturi ialomita,Exact match,https://forajedenisipariputuri.web.app/foraje-puturi-ialomita
Keyword,Add,Enabled,AquaFor - Search - Foraje puturi (nou),Foraj put zona,foraj put targoviste,Phrase match,https://forajedenisipariputuri.web.app/foraje-puturi-dambovita
Keyword,Add,Enabled,AquaFor - Search - Foraje puturi (nou),Foraj put zona,foraj put targoviste,Exact match,https://forajedenisipariputuri.web.app/foraje-puturi-dambovita
Keyword,Add,Enabled,AquaFor - Search - Foraje puturi (nou),Foraj put zona,foraje puturi targoviste,Phrase match,https://forajedenisipariputuri.web.app/foraje-puturi-dambovita
Keyword,Add,Enabled,AquaFor - Search - Foraje puturi (nou),Foraj put zona,foraje puturi targoviste,Exact match,https://forajedenisipariputuri.web.app/foraje-puturi-dambovita
Keyword,Add,Enabled,AquaFor - Search - Foraje puturi (nou),Foraj put zona,foraj put craiova,Phrase match,https://forajedenisipariputuri.web.app/foraje-puturi-dolj
Keyword,Add,Enabled,AquaFor - Search - Foraje puturi (nou),Foraj put zona,foraj put craiova,Exact match,https://forajedenisipariputuri.web.app/foraje-puturi-dolj
Keyword,Add,Enabled,AquaFor - Search - Foraje puturi (nou),Foraj put zona,foraje puturi craiova,Phrase match,https://forajedenisipariputuri.web.app/foraje-puturi-dolj
Keyword,Add,Enabled,AquaFor - Search - Foraje puturi (nou),Foraj put zona,foraje puturi craiova,Exact match,https://forajedenisipariputuri.web.app/foraje-puturi-dolj
Keyword,Add,Enabled,AquaFor - Search - Foraje puturi (nou),Foraj put zona,foraj put alexandria,Phrase match,https://forajedenisipariputuri.web.app/foraje-puturi-teleorman
Keyword,Add,Enabled,AquaFor - Search - Foraje puturi (nou),Foraj put zona,foraj put alexandria,Exact match,https://forajedenisipariputuri.web.app/foraje-puturi-teleorman
Keyword,Add,Enabled,AquaFor - Search - Foraje puturi (nou),Foraj put zona,foraje puturi alexandria,Phrase match,https://forajedenisipariputuri.web.app/foraje-puturi-teleorman
Keyword,Add,Enabled,AquaFor - Search - Foraje puturi (nou),Foraj put zona,foraje puturi alexandria,Exact match,https://forajedenisipariputuri.web.app/foraje-puturi-teleorman
Keyword,Add,Enabled,AquaFor - Search - Foraje puturi (nou),Foraj put zona,foraj put slobozia,Phrase match,https://forajedenisipariputuri.web.app/foraje-puturi-ialomita
Keyword,Add,Enabled,AquaFor - Search - Foraje puturi (nou),Foraj put zona,foraj put slobozia,Exact match,https://forajedenisipariputuri.web.app/foraje-puturi-ialomita
Keyword,Add,Enabled,AquaFor - Search - Foraje puturi (nou),Foraj put zona,foraje puturi slobozia,Phrase match,https://forajedenisipariputuri.web.app/foraje-puturi-ialomita
Keyword,Add,Enabled,AquaFor - Search - Foraje puturi (nou),Foraj put zona,foraje puturi slobozia,Exact match,https://forajedenisipariputuri.web.app/foraje-puturi-ialomita
Keyword,Add,Enabled,AquaFor - Search - Foraje puturi (nou),Foraj put zona,foraj put voluntari,Phrase match,https://forajedenisipariputuri.web.app/foraje-puturi-ilfov
Keyword,Add,Enabled,AquaFor - Search - Foraje puturi (nou),Foraj put zona,foraj put voluntari,Exact match,https://forajedenisipariputuri.web.app/foraje-puturi-ilfov
Keyword,Add,Enabled,AquaFor - Search - Foraje puturi (nou),Foraj put zona,foraje puturi voluntari,Phrase match,https://forajedenisipariputuri.web.app/foraje-puturi-ilfov
Keyword,Add,Enabled,AquaFor - Search - Foraje puturi (nou),Foraj put zona,foraje puturi voluntari,Exact match,https://forajedenisipariputuri.web.app/foraje-puturi-ilfov
Keyword,Add,Enabled,AquaFor - Search - Foraje puturi (nou),Foraj put zona,foraj put buftea,Phrase match,https://forajedenisipariputuri.web.app/foraje-puturi-ilfov
Keyword,Add,Enabled,AquaFor - Search - Foraje puturi (nou),Foraj put zona,foraj put buftea,Exact match,https://forajedenisipariputuri.web.app/foraje-puturi-ilfov
Keyword,Add,Enabled,AquaFor - Search - Foraje puturi (nou),Foraj put zona,foraje puturi buftea,Phrase match,https://forajedenisipariputuri.web.app/foraje-puturi-ilfov
Keyword,Add,Enabled,AquaFor - Search - Foraje puturi (nou),Foraj put zona,foraje puturi buftea,Exact match,https://forajedenisipariputuri.web.app/foraje-puturi-ilfov
Keyword,Add,Enabled,AquaFor - Search - Foraje puturi (nou),Foraj put zona,foraj put otopeni,Phrase match,https://forajedenisipariputuri.web.app/foraje-puturi-ilfov
Keyword,Add,Enabled,AquaFor - Search - Foraje puturi (nou),Foraj put zona,foraj put otopeni,Exact match,https://forajedenisipariputuri.web.app/foraje-puturi-ilfov
Keyword,Add,Enabled,AquaFor - Search - Foraje puturi (nou),Foraj put zona,foraje puturi otopeni,Phrase match,https://forajedenisipariputuri.web.app/foraje-puturi-ilfov
Keyword,Add,Enabled,AquaFor - Search - Foraje puturi (nou),Foraj put zona,foraje puturi otopeni,Exact match,https://forajedenisipariputuri.web.app/foraje-puturi-ilfov
Keyword,Add,Enabled,AquaFor - Search - Foraje puturi (nou),Foraj put zona,foraj put chitila,Phrase match,https://forajedenisipariputuri.web.app/foraje-puturi-ilfov
Keyword,Add,Enabled,AquaFor - Search - Foraje puturi (nou),Foraj put zona,foraj put chitila,Exact match,https://forajedenisipariputuri.web.app/foraje-puturi-ilfov
Keyword,Add,Enabled,AquaFor - Search - Foraje puturi (nou),Foraj put zona,foraje puturi chitila,Phrase match,https://forajedenisipariputuri.web.app/foraje-puturi-ilfov
Keyword,Add,Enabled,AquaFor - Search - Foraje puturi (nou),Foraj put zona,foraje puturi chitila,Exact match,https://forajedenisipariputuri.web.app/foraje-puturi-ilfov
Keyword,Add,Enabled,AquaFor - Search - Foraje puturi (nou),Foraj put zona,foraj put bragadiru,Phrase match,https://forajedenisipariputuri.web.app/foraje-puturi-ilfov
Keyword,Add,Enabled,AquaFor - Search - Foraje puturi (nou),Foraj put zona,foraj put bragadiru,Exact match,https://forajedenisipariputuri.web.app/foraje-puturi-ilfov
Keyword,Add,Enabled,AquaFor - Search - Foraje puturi (nou),Foraj put zona,foraje puturi bragadiru,Phrase match,https://forajedenisipariputuri.web.app/foraje-puturi-ilfov
Keyword,Add,Enabled,AquaFor - Search - Foraje puturi (nou),Foraj put zona,foraje puturi bragadiru,Exact match,https://forajedenisipariputuri.web.app/foraje-puturi-ilfov
Keyword,Add,Enabled,AquaFor - Search - Foraje puturi (nou),Foraj put zona,foraj put magurele,Phrase match,https://forajedenisipariputuri.web.app/foraje-puturi-ilfov
Keyword,Add,Enabled,AquaFor - Search - Foraje puturi (nou),Foraj put zona,foraj put magurele,Exact match,https://forajedenisipariputuri.web.app/foraje-puturi-ilfov
Keyword,Add,Enabled,AquaFor - Search - Foraje puturi (nou),Foraj put zona,foraje puturi magurele,Phrase match,https://forajedenisipariputuri.web.app/foraje-puturi-ilfov
Keyword,Add,Enabled,AquaFor - Search - Foraje puturi (nou),Foraj put zona,foraje puturi magurele,Exact match,https://forajedenisipariputuri.web.app/foraje-puturi-ilfov
Keyword,Add,Enabled,AquaFor - Search - Foraje puturi (nou),Foraj put zona,foraj put pantelimon,Phrase match,https://forajedenisipariputuri.web.app/foraje-puturi-ilfov
Keyword,Add,Enabled,AquaFor - Search - Foraje puturi (nou),Foraj put zona,foraj put pantelimon,Exact match,https://forajedenisipariputuri.web.app/foraje-puturi-ilfov
Keyword,Add,Enabled,AquaFor - Search - Foraje puturi (nou),Foraj put zona,foraje puturi pantelimon,Phrase match,https://forajedenisipariputuri.web.app/foraje-puturi-ilfov
Keyword,Add,Enabled,AquaFor - Search - Foraje puturi (nou),Foraj put zona,foraje puturi pantelimon,Exact match,https://forajedenisipariputuri.web.app/foraje-puturi-ilfov
Keyword,Add,Enabled,AquaFor - Search - Foraje puturi (nou),Foraj put zona,foraj put popesti leordeni,Phrase match,https://forajedenisipariputuri.web.app/foraje-puturi-ilfov
Keyword,Add,Enabled,AquaFor - Search - Foraje puturi (nou),Foraj put zona,foraj put popesti leordeni,Exact match,https://forajedenisipariputuri.web.app/foraje-puturi-ilfov
Keyword,Add,Enabled,AquaFor - Search - Foraje puturi (nou),Foraj put zona,foraje puturi popesti leordeni,Phrase match,https://forajedenisipariputuri.web.app/foraje-puturi-ilfov
Keyword,Add,Enabled,AquaFor - Search - Foraje puturi (nou),Foraj put zona,foraje puturi popesti leordeni,Exact match,https://forajedenisipariputuri.web.app/foraje-puturi-ilfov
Keyword,Add,Enabled,AquaFor - Search - Foraje puturi (nou),Foraj put zona,foraj put snagov,Phrase match,https://forajedenisipariputuri.web.app/foraje-puturi-ilfov
Keyword,Add,Enabled,AquaFor - Search - Foraje puturi (nou),Foraj put zona,foraj put snagov,Exact match,https://forajedenisipariputuri.web.app/foraje-puturi-ilfov
Keyword,Add,Enabled,AquaFor - Search - Foraje puturi (nou),Foraj put zona,foraje puturi snagov,Phrase match,https://forajedenisipariputuri.web.app/foraje-puturi-ilfov
Keyword,Add,Enabled,AquaFor - Search - Foraje puturi (nou),Foraj put zona,foraje puturi snagov,Exact match,https://forajedenisipariputuri.web.app/foraje-puturi-ilfov
Keyword,Add,Enabled,AquaFor - Search - Foraje puturi (nou),Foraj put zona,foraj put corbeanca,Phrase match,https://forajedenisipariputuri.web.app/foraje-puturi-ilfov
Keyword,Add,Enabled,AquaFor - Search - Foraje puturi (nou),Foraj put zona,foraj put corbeanca,Exact match,https://forajedenisipariputuri.web.app/foraje-puturi-ilfov
Keyword,Add,Enabled,AquaFor - Search - Foraje puturi (nou),Foraj put zona,foraje puturi corbeanca,Phrase match,https://forajedenisipariputuri.web.app/foraje-puturi-ilfov
Keyword,Add,Enabled,AquaFor - Search - Foraje puturi (nou),Foraj put zona,foraje puturi corbeanca,Exact match,https://forajedenisipariputuri.web.app/foraje-puturi-ilfov
Keyword,Add,Enabled,AquaFor - Search - Foraje puturi (nou),Foraj put zona,foraj put balotesti,Phrase match,https://forajedenisipariputuri.web.app/foraje-puturi-ilfov
Keyword,Add,Enabled,AquaFor - Search - Foraje puturi (nou),Foraj put zona,foraj put balotesti,Exact match,https://forajedenisipariputuri.web.app/foraje-puturi-ilfov
Keyword,Add,Enabled,AquaFor - Search - Foraje puturi (nou),Foraj put zona,foraje puturi balotesti,Phrase match,https://forajedenisipariputuri.web.app/foraje-puturi-ilfov
Keyword,Add,Enabled,AquaFor - Search - Foraje puturi (nou),Foraj put zona,foraje puturi balotesti,Exact match,https://forajedenisipariputuri.web.app/foraje-puturi-ilfov
