Campaign,Ad Group,Keyword,Criterion Type,Final URL,Status
AcviForaj - Search - Foraje puturi,Foraj put apa,foraj put,Phrase,https://forajeputurideapa.ro/servicii/foraje-puturi-apa/,Enabled
AcviForaj - Search - Foraje puturi,Foraj put apa,foraj put,Exact,https://forajeputurideapa.ro/servicii/foraje-puturi-apa/,Enabled
AcviForaj - Search - Foraje puturi,Foraj put apa,foraje puturi,Phrase,https://forajeputurideapa.ro/servicii/foraje-puturi-apa/,Enabled
AcviForaj - Search - Foraje puturi,Foraj put apa,foraje puturi,Exact,https://forajeputurideapa.ro/servicii/foraje-puturi-apa/,Enabled
AcviForaj - Search - Foraje puturi,Foraj put apa,foraj put apa,Phrase,https://forajeputurideapa.ro/servicii/foraje-puturi-apa/,Enabled
AcviForaj - Search - Foraje puturi,Foraj put apa,foraj put apa,Exact,https://forajeputurideapa.ro/servicii/foraje-puturi-apa/,Enabled
AcviForaj - Search - Foraje puturi,Foraj put apa,foraje puturi apa,Phrase,https://forajeputurideapa.ro/servicii/foraje-puturi-apa/,Enabled
AcviForaj - Search - Foraje puturi,Foraj put apa,foraje puturi apa,Exact,https://forajeputurideapa.ro/servicii/foraje-puturi-apa/,Enabled
AcviForaj - Search - Foraje puturi,Foraj put apa,firma foraj put,Phrase,https://forajeputurideapa.ro/servicii/foraje-puturi-apa/,Enabled
AcviForaj - Search - Foraje puturi,Foraj put apa,firma foraj put,Exact,https://forajeputurideapa.ro/servicii/foraje-puturi-apa/,Enabled
AcviForaj - Search - Foraje puturi,Foraj put apa,firma foraje puturi,Phrase,https://forajeputurideapa.ro/servicii/foraje-puturi-apa/,Enabled
AcviForaj - Search - Foraje puturi,Foraj put apa,firma foraje puturi,Exact,https://forajeputurideapa.ro/servicii/foraje-puturi-apa/,Enabled
AcviForaj - Search - Foraje puturi,Foraj put apa,forare put,Phrase,https://forajeputurideapa.ro/servicii/foraje-puturi-apa/,Enabled
AcviForaj - Search - Foraje puturi,Foraj put apa,forare put,Exact,https://forajeputurideapa.ro/servicii/foraje-puturi-apa/,Enabled
AcviForaj - Search - Foraje puturi,Foraj put apa,put forat,Phrase,https://forajeputurideapa.ro/servicii/foraje-puturi-apa/,Enabled
AcviForaj - Search - Foraje puturi,Foraj put apa,put forat,Exact,https://forajeputurideapa.ro/servicii/foraje-puturi-apa/,Enabled
AcviForaj - Search - Foraje puturi,Foraj put apa,puturi forate,Phrase,https://forajeputurideapa.ro/servicii/foraje-puturi-apa/,Enabled
AcviForaj - Search - Foraje puturi,Foraj put apa,puturi forate,Exact,https://forajeputurideapa.ro/servicii/foraje-puturi-apa/,Enabled
AcviForaj - Search - Foraje puturi,Foraj put apa,foraj fantana,Phrase,https://forajeputurideapa.ro/servicii/foraje-puturi-apa/,Enabled
AcviForaj - Search - Foraje puturi,Foraj put apa,foraj fantana,Exact,https://forajeputurideapa.ro/servicii/foraje-puturi-apa/,Enabled
AcviForaj - Search - Foraje puturi,Foraj put apa,fantana forata,Phrase,https://forajeputurideapa.ro/servicii/foraje-puturi-apa/,Enabled
AcviForaj - Search - Foraje puturi,Foraj put apa,fantana forata,Exact,https://forajeputurideapa.ro/servicii/foraje-puturi-apa/,Enabled
AcviForaj - Search - Foraje puturi,Foraj put apa,executie put forat,Phrase,https://forajeputurideapa.ro/servicii/foraje-puturi-apa/,Enabled
AcviForaj - Search - Foraje puturi,Foraj put apa,executie put forat,Exact,https://forajeputurideapa.ro/servicii/foraje-puturi-apa/,Enabled
AcviForaj - Search - Foraje puturi,Foraj put apa,foraj apa,Phrase,https://forajeputurideapa.ro/servicii/foraje-puturi-apa/,Enabled
AcviForaj - Search - Foraje puturi,Foraj put apa,foraj apa,Exact,https://forajeputurideapa.ro/servicii/foraje-puturi-apa/,Enabled
AcviForaj - Search - Foraje puturi,Foraj put apa,sapare put apa,Phrase,https://forajeputurideapa.ro/servicii/foraje-puturi-apa/,Enabled
AcviForaj - Search - Foraje puturi,Foraj put apa,sapare put apa,Exact,https://forajeputurideapa.ro/servicii/foraje-puturi-apa/,Enabled
AcviForaj - Search - Foraje puturi,Pret foraj put,pret foraj put,Phrase,https://forajeputurideapa.ro/preturi/,Enabled
AcviForaj - Search - Foraje puturi,Pret foraj put,pret foraj put,Exact,https://forajeputurideapa.ro/preturi/,Enabled
AcviForaj - Search - Foraje puturi,Pret foraj put,pret put forat,Phrase,https://forajeputurideapa.ro/preturi/,Enabled
AcviForaj - Search - Foraje puturi,Pret foraj put,pret put forat,Exact,https://forajeputurideapa.ro/preturi/,Enabled
AcviForaj - Search - Foraje puturi,Pret foraj put,cat costa un put forat,Phrase,https://forajeputurideapa.ro/preturi/,Enabled
AcviForaj - Search - Foraje puturi,Pret foraj put,cat costa un put forat,Exact,https://forajeputurideapa.ro/preturi/,Enabled
AcviForaj - Search - Foraje puturi,Pret foraj put,cat costa forarea unui put,Phrase,https://forajeputurideapa.ro/preturi/,Enabled
AcviForaj - Search - Foraje puturi,Pret foraj put,cat costa forarea unui put,Exact,https://forajeputurideapa.ro/preturi/,Enabled
AcviForaj - Search - Foraje puturi,Pret foraj put,foraj put pret,Phrase,https://forajeputurideapa.ro/preturi/,Enabled
AcviForaj - Search - Foraje puturi,Pret foraj put,foraj put pret,Exact,https://forajeputurideapa.ro/preturi/,Enabled
AcviForaj - Search - Foraje puturi,Pret foraj put,pret foraj put apa,Phrase,https://forajeputurideapa.ro/preturi/,Enabled
AcviForaj - Search - Foraje puturi,Pret foraj put,pret foraj put apa,Exact,https://forajeputurideapa.ro/preturi/,Enabled
AcviForaj - Search - Foraje puturi,Pret foraj put,foraj put pret metru,Phrase,https://forajeputurideapa.ro/preturi/,Enabled
AcviForaj - Search - Foraje puturi,Pret foraj put,foraj put pret metru,Exact,https://forajeputurideapa.ro/preturi/,Enabled
AcviForaj - Search - Foraje puturi,Pret foraj put,pret metru foraj,Phrase,https://forajeputurideapa.ro/preturi/,Enabled
AcviForaj - Search - Foraje puturi,Pret foraj put,pret metru foraj,Exact,https://forajeputurideapa.ro/preturi/,Enabled
AcviForaj - Search - Foraje puturi,Pret foraj put,cost put forat,Phrase,https://forajeputurideapa.ro/preturi/,Enabled
AcviForaj - Search - Foraje puturi,Pret foraj put,cost put forat,Exact,https://forajeputurideapa.ro/preturi/,Enabled
AcviForaj - Search - Foraje puturi,Pret foraj put,oferta foraj put,Phrase,https://forajeputurideapa.ro/preturi/,Enabled
AcviForaj - Search - Foraje puturi,Pret foraj put,oferta foraj put,Exact,https://forajeputurideapa.ro/preturi/,Enabled
AcviForaj - Search - Foraje puturi,Put casa gradina irigatii,put forat casa,Phrase,https://forajeputurideapa.ro/servicii/foraje-puturi-apa/,Enabled
AcviForaj - Search - Foraje puturi,Put casa gradina irigatii,put forat casa,Exact,https://forajeputurideapa.ro/servicii/foraje-puturi-apa/,Enabled
AcviForaj - Search - Foraje puturi,Put casa gradina irigatii,put pentru casa,Phrase,https://forajeputurideapa.ro/servicii/foraje-puturi-apa/,Enabled
AcviForaj - Search - Foraje puturi,Put casa gradina irigatii,put pentru casa,Exact,https://forajeputurideapa.ro/servicii/foraje-puturi-apa/,Enabled
AcviForaj - Search - Foraje puturi,Put casa gradina irigatii,put apa casa,Phrase,https://forajeputurideapa.ro/servicii/foraje-puturi-apa/,Enabled
AcviForaj - Search - Foraje puturi,Put casa gradina irigatii,put apa casa,Exact,https://forajeputurideapa.ro/servicii/foraje-puturi-apa/,Enabled
AcviForaj - Search - Foraje puturi,Put casa gradina irigatii,put forat gradina,Phrase,https://forajeputurideapa.ro/servicii/foraje-puturi-apa/,Enabled
AcviForaj - Search - Foraje puturi,Put casa gradina irigatii,put forat gradina,Exact,https://forajeputurideapa.ro/servicii/foraje-puturi-apa/,Enabled
AcviForaj - Search - Foraje puturi,Put casa gradina irigatii,put pentru irigatii,Phrase,https://forajeputurideapa.ro/servicii/foraje-puturi-apa/,Enabled
AcviForaj - Search - Foraje puturi,Put casa gradina irigatii,put pentru irigatii,Exact,https://forajeputurideapa.ro/servicii/foraje-puturi-apa/,Enabled
AcviForaj - Search - Foraje puturi,Put casa gradina irigatii,foraj put irigatii,Phrase,https://forajeputurideapa.ro/servicii/foraje-puturi-apa/,Enabled
AcviForaj - Search - Foraje puturi,Put casa gradina irigatii,foraj put irigatii,Exact,https://forajeputurideapa.ro/servicii/foraje-puturi-apa/,Enabled
AcviForaj - Search - Foraje puturi,Put casa gradina irigatii,put apa gradina,Phrase,https://forajeputurideapa.ro/servicii/foraje-puturi-apa/,Enabled
AcviForaj - Search - Foraje puturi,Put casa gradina irigatii,put apa gradina,Exact,https://forajeputurideapa.ro/servicii/foraje-puturi-apa/,Enabled
AcviForaj - Search - Foraje puturi,Put casa gradina irigatii,apa pentru irigatii,Phrase,https://forajeputurideapa.ro/servicii/foraje-puturi-apa/,Enabled
AcviForaj - Search - Foraje puturi,Put casa gradina irigatii,apa pentru irigatii,Exact,https://forajeputurideapa.ro/servicii/foraje-puturi-apa/,Enabled
AcviForaj - Search - Foraje puturi,Put casa gradina irigatii,put pentru gospodarie,Phrase,https://forajeputurideapa.ro/servicii/foraje-puturi-apa/,Enabled
AcviForaj - Search - Foraje puturi,Put casa gradina irigatii,put pentru gospodarie,Exact,https://forajeputurideapa.ro/servicii/foraje-puturi-apa/,Enabled
AcviForaj - Search - Foraje puturi,Put casa gradina irigatii,foraj put gospodarie,Phrase,https://forajeputurideapa.ro/servicii/foraje-puturi-apa/,Enabled
AcviForaj - Search - Foraje puturi,Put casa gradina irigatii,foraj put gospodarie,Exact,https://forajeputurideapa.ro/servicii/foraje-puturi-apa/,Enabled
AcviForaj - Search - Foraje puturi,Denisipare put,denisipare put,Phrase,https://forajeputurideapa.ro/servicii/denisipari-puturi/,Enabled
AcviForaj - Search - Foraje puturi,Denisipare put,denisipare put,Exact,https://forajeputurideapa.ro/servicii/denisipari-puturi/,Enabled
AcviForaj - Search - Foraje puturi,Denisipare put,denisipare puturi,Phrase,https://forajeputurideapa.ro/servicii/denisipari-puturi/,Enabled
AcviForaj - Search - Foraje puturi,Denisipare put,denisipare puturi,Exact,https://forajeputurideapa.ro/servicii/denisipari-puturi/,Enabled
AcviForaj - Search - Foraje puturi,Denisipare put,denisipare put forat,Phrase,https://forajeputurideapa.ro/servicii/denisipari-puturi/,Enabled
AcviForaj - Search - Foraje puturi,Denisipare put,denisipare put forat,Exact,https://forajeputurideapa.ro/servicii/denisipari-puturi/,Enabled
AcviForaj - Search - Foraje puturi,Denisipare put,curatare put forat,Phrase,https://forajeputurideapa.ro/servicii/denisipari-puturi/,Enabled
AcviForaj - Search - Foraje puturi,Denisipare put,curatare put forat,Exact,https://forajeputurideapa.ro/servicii/denisipari-puturi/,Enabled
AcviForaj - Search - Foraje puturi,Denisipare put,curatare put,Phrase,https://forajeputurideapa.ro/servicii/denisipari-puturi/,Enabled
AcviForaj - Search - Foraje puturi,Denisipare put,curatare put,Exact,https://forajeputurideapa.ro/servicii/denisipari-puturi/,Enabled
AcviForaj - Search - Foraje puturi,Denisipare put,put cu nisip,Phrase,https://forajeputurideapa.ro/servicii/denisipari-puturi/,Enabled
AcviForaj - Search - Foraje puturi,Denisipare put,put cu nisip,Exact,https://forajeputurideapa.ro/servicii/denisipari-puturi/,Enabled
AcviForaj - Search - Foraje puturi,Denisipare put,put infundat,Phrase,https://forajeputurideapa.ro/servicii/denisipari-puturi/,Enabled
AcviForaj - Search - Foraje puturi,Denisipare put,put infundat,Exact,https://forajeputurideapa.ro/servicii/denisipari-puturi/,Enabled
AcviForaj - Search - Foraje puturi,Denisipare put,put colmatat,Phrase,https://forajeputurideapa.ro/servicii/denisipari-puturi/,Enabled
AcviForaj - Search - Foraje puturi,Denisipare put,put colmatat,Exact,https://forajeputurideapa.ro/servicii/denisipari-puturi/,Enabled
AcviForaj - Search - Foraje puturi,Denisipare put,reabilitare put,Phrase,https://forajeputurideapa.ro/servicii/denisipari-puturi/,Enabled
AcviForaj - Search - Foraje puturi,Denisipare put,reabilitare put,Exact,https://forajeputurideapa.ro/servicii/denisipari-puturi/,Enabled
AcviForaj - Search - Foraje puturi,Denisipare put,put nu mai da apa,Phrase,https://forajeputurideapa.ro/servicii/denisipari-puturi/,Enabled
AcviForaj - Search - Foraje puturi,Denisipare put,put nu mai da apa,Exact,https://forajeputurideapa.ro/servicii/denisipari-puturi/,Enabled
AcviForaj - Search - Foraje puturi,Denisipare put,pret denisipare put,Phrase,https://forajeputurideapa.ro/servicii/denisipari-puturi/,Enabled
AcviForaj - Search - Foraje puturi,Denisipare put,pret denisipare put,Exact,https://forajeputurideapa.ro/servicii/denisipari-puturi/,Enabled
AcviForaj - Search - Foraje puturi,Foraj pompa de caldura,foraj pompa de caldura,Phrase,https://forajeputurideapa.ro/servicii/foraje-pompe-de-caldura/,Enabled
AcviForaj - Search - Foraje puturi,Foraj pompa de caldura,foraj pompa de caldura,Exact,https://forajeputurideapa.ro/servicii/foraje-pompe-de-caldura/,Enabled
AcviForaj - Search - Foraje puturi,Foraj pompa de caldura,foraje pompe de caldura,Phrase,https://forajeputurideapa.ro/servicii/foraje-pompe-de-caldura/,Enabled
AcviForaj - Search - Foraje puturi,Foraj pompa de caldura,foraje pompe de caldura,Exact,https://forajeputurideapa.ro/servicii/foraje-pompe-de-caldura/,Enabled
AcviForaj - Search - Foraje puturi,Foraj pompa de caldura,foraj geotermal,Phrase,https://forajeputurideapa.ro/servicii/foraje-pompe-de-caldura/,Enabled
AcviForaj - Search - Foraje puturi,Foraj pompa de caldura,foraj geotermal,Exact,https://forajeputurideapa.ro/servicii/foraje-pompe-de-caldura/,Enabled
AcviForaj - Search - Foraje puturi,Foraj pompa de caldura,foraje geotermale,Phrase,https://forajeputurideapa.ro/servicii/foraje-pompe-de-caldura/,Enabled
AcviForaj - Search - Foraje puturi,Foraj pompa de caldura,foraje geotermale,Exact,https://forajeputurideapa.ro/servicii/foraje-pompe-de-caldura/,Enabled
AcviForaj - Search - Foraje puturi,Foraj pompa de caldura,sonde geotermale,Phrase,https://forajeputurideapa.ro/servicii/foraje-pompe-de-caldura/,Enabled
AcviForaj - Search - Foraje puturi,Foraj pompa de caldura,sonde geotermale,Exact,https://forajeputurideapa.ro/servicii/foraje-pompe-de-caldura/,Enabled
AcviForaj - Search - Foraje puturi,Foraj pompa de caldura,foraj pompa caldura sol apa,Phrase,https://forajeputurideapa.ro/servicii/foraje-pompe-de-caldura/,Enabled
AcviForaj - Search - Foraje puturi,Foraj pompa de caldura,foraj pompa caldura sol apa,Exact,https://forajeputurideapa.ro/servicii/foraje-pompe-de-caldura/,Enabled
AcviForaj - Search - Foraje puturi,Foraj pompa de caldura,pompa de caldura apa apa put,Phrase,https://forajeputurideapa.ro/servicii/foraje-pompe-de-caldura/,Enabled
AcviForaj - Search - Foraje puturi,Foraj pompa de caldura,pompa de caldura apa apa put,Exact,https://forajeputurideapa.ro/servicii/foraje-pompe-de-caldura/,Enabled
AcviForaj - Search - Foraje puturi,Foraj pompa de caldura,put pompa de caldura,Phrase,https://forajeputurideapa.ro/servicii/foraje-pompe-de-caldura/,Enabled
AcviForaj - Search - Foraje puturi,Foraj pompa de caldura,put pompa de caldura,Exact,https://forajeputurideapa.ro/servicii/foraje-pompe-de-caldura/,Enabled
AcviForaj - Search - Foraje puturi,Foraj pompa de caldura,pret foraj geotermal,Phrase,https://forajeputurideapa.ro/servicii/foraje-pompe-de-caldura/,Enabled
AcviForaj - Search - Foraje puturi,Foraj pompa de caldura,pret foraj geotermal,Exact,https://forajeputurideapa.ro/servicii/foraje-pompe-de-caldura/,Enabled
AcviForaj - Search - Foraje puturi,Foraj put judete,foraj put bucuresti,Phrase,https://forajeputurideapa.ro/zone-acoperite/,Enabled
AcviForaj - Search - Foraje puturi,Foraj put judete,foraj put bucuresti,Exact,https://forajeputurideapa.ro/zone-acoperite/,Enabled
AcviForaj - Search - Foraje puturi,Foraj put judete,foraj put ilfov,Phrase,https://forajeputurideapa.ro/zone-acoperite/,Enabled
AcviForaj - Search - Foraje puturi,Foraj put judete,foraj put ilfov,Exact,https://forajeputurideapa.ro/zone-acoperite/,Enabled
AcviForaj - Search - Foraje puturi,Foraj put judete,foraj put prahova,Phrase,https://forajeputurideapa.ro/zone-acoperite/,Enabled
AcviForaj - Search - Foraje puturi,Foraj put judete,foraj put prahova,Exact,https://forajeputurideapa.ro/zone-acoperite/,Enabled
AcviForaj - Search - Foraje puturi,Foraj put judete,foraj put dambovita,Phrase,https://forajeputurideapa.ro/zone-acoperite/,Enabled
AcviForaj - Search - Foraje puturi,Foraj put judete,foraj put dambovita,Exact,https://forajeputurideapa.ro/zone-acoperite/,Enabled
AcviForaj - Search - Foraje puturi,Foraj put judete,foraj put arges,Phrase,https://forajeputurideapa.ro/zone-acoperite/,Enabled
AcviForaj - Search - Foraje puturi,Foraj put judete,foraj put arges,Exact,https://forajeputurideapa.ro/zone-acoperite/,Enabled
AcviForaj - Search - Foraje puturi,Foraj put judete,foraj put giurgiu,Phrase,https://forajeputurideapa.ro/zone-acoperite/,Enabled
AcviForaj - Search - Foraje puturi,Foraj put judete,foraj put giurgiu,Exact,https://forajeputurideapa.ro/zone-acoperite/,Enabled
AcviForaj - Search - Foraje puturi,Foraj put judete,foraj put cluj,Phrase,https://forajeputurideapa.ro/zone-acoperite/,Enabled
AcviForaj - Search - Foraje puturi,Foraj put judete,foraj put cluj,Exact,https://forajeputurideapa.ro/zone-acoperite/,Enabled
AcviForaj - Search - Foraje puturi,Foraj put judete,foraj put timis,Phrase,https://forajeputurideapa.ro/zone-acoperite/,Enabled
AcviForaj - Search - Foraje puturi,Foraj put judete,foraj put timis,Exact,https://forajeputurideapa.ro/zone-acoperite/,Enabled
AcviForaj - Search - Foraje puturi,Foraj put judete,foraj put brasov,Phrase,https://forajeputurideapa.ro/zone-acoperite/,Enabled
AcviForaj - Search - Foraje puturi,Foraj put judete,foraj put brasov,Exact,https://forajeputurideapa.ro/zone-acoperite/,Enabled
AcviForaj - Search - Foraje puturi,Foraj put judete,foraj put constanta,Phrase,https://forajeputurideapa.ro/zone-acoperite/,Enabled
AcviForaj - Search - Foraje puturi,Foraj put judete,foraj put constanta,Exact,https://forajeputurideapa.ro/zone-acoperite/,Enabled
AcviForaj - Search - Foraje puturi,Foraj put judete,foraj put iasi,Phrase,https://forajeputurideapa.ro/zone-acoperite/,Enabled
AcviForaj - Search - Foraje puturi,Foraj put judete,foraj put iasi,Exact,https://forajeputurideapa.ro/zone-acoperite/,Enabled
AcviForaj - Search - Foraje puturi,Foraj put judete,foraj put dolj,Phrase,https://forajeputurideapa.ro/zone-acoperite/,Enabled
AcviForaj - Search - Foraje puturi,Foraj put judete,foraj put dolj,Exact,https://forajeputurideapa.ro/zone-acoperite/,Enabled
AcviForaj - Search - Foraje puturi,Foraj put judete,foraj put bihor,Phrase,https://forajeputurideapa.ro/zone-acoperite/,Enabled
AcviForaj - Search - Foraje puturi,Foraj put judete,foraj put bihor,Exact,https://forajeputurideapa.ro/zone-acoperite/,Enabled
AcviForaj - Search - Foraje puturi,Foraj put judete,foraj put sibiu,Phrase,https://forajeputurideapa.ro/zone-acoperite/,Enabled
AcviForaj - Search - Foraje puturi,Foraj put judete,foraj put sibiu,Exact,https://forajeputurideapa.ro/zone-acoperite/,Enabled
AcviForaj - Search - Foraje puturi,Foraj put judete,foraj put mures,Phrase,https://forajeputurideapa.ro/zone-acoperite/,Enabled
AcviForaj - Search - Foraje puturi,Foraj put judete,foraj put mures,Exact,https://forajeputurideapa.ro/zone-acoperite/,Enabled
AcviForaj - Search - Foraje puturi,Foraj put judete,foraj put olt,Phrase,https://forajeputurideapa.ro/zone-acoperite/,Enabled
AcviForaj - Search - Foraje puturi,Foraj put judete,foraj put olt,Exact,https://forajeputurideapa.ro/zone-acoperite/,Enabled
AcviForaj - Search - Foraje puturi,Foraj put judete,foraje puturi bucuresti,Phrase,https://forajeputurideapa.ro/zone-acoperite/,Enabled
AcviForaj - Search - Foraje puturi,Foraj put judete,foraje puturi bucuresti,Exact,https://forajeputurideapa.ro/zone-acoperite/,Enabled
AcviForaj - Search - Foraje puturi,Foraj put judete,foraje puturi ilfov,Phrase,https://forajeputurideapa.ro/zone-acoperite/,Enabled
AcviForaj - Search - Foraje puturi,Foraj put judete,foraje puturi ilfov,Exact,https://forajeputurideapa.ro/zone-acoperite/,Enabled
AcviForaj - Search - Foraje puturi,Foraj put judete,foraj put langa mine,Phrase,https://forajeputurideapa.ro/zone-acoperite/,Enabled
AcviForaj - Search - Foraje puturi,Foraj put judete,foraj put langa mine,Exact,https://forajeputurideapa.ro/zone-acoperite/,Enabled
AcviForaj - Search - Foraje puturi,Foraj put judete,foraje puturi in zona,Phrase,https://forajeputurideapa.ro/zone-acoperite/,Enabled
AcviForaj - Search - Foraje puturi,Foraj put judete,foraje puturi in zona,Exact,https://forajeputurideapa.ro/zone-acoperite/,Enabled
