Campaign,Keyword,Criterion Type
AcviForaj - Search - Foraje puturi,gratis,Campaign negative phrase
AcviForaj - Search - Foraje puturi,gratuit,Campaign negative phrase
AcviForaj - Search - Foraje puturi,cum sa,Campaign negative phrase
AcviForaj - Search - Foraje puturi,cum se,Campaign negative phrase
AcviForaj - Search - Foraje puturi,singur,Campaign negative phrase
AcviForaj - Search - Foraje puturi,manual,Campaign negative phrase
AcviForaj - Search - Foraje puturi,diy,Campaign negative phrase
AcviForaj - Search - Foraje puturi,burghiu,Campaign negative phrase
AcviForaj - Search - Foraje puturi,sfredel,Campaign negative phrase
AcviForaj - Search - Foraje puturi,utilaj foraj,Campaign negative phrase
AcviForaj - Search - Foraje puturi,instalatie foraj,Campaign negative phrase
AcviForaj - Search - Foraje puturi,masina de forat,Campaign negative phrase
AcviForaj - Search - Foraje puturi,vanzare,Campaign negative phrase
AcviForaj - Search - Foraje puturi,de vanzare,Campaign negative phrase
AcviForaj - Search - Foraje puturi,second hand,Campaign negative phrase
AcviForaj - Search - Foraje puturi,inchiriere,Campaign negative phrase
AcviForaj - Search - Foraje puturi,olx,Campaign negative phrase
AcviForaj - Search - Foraje puturi,emag,Campaign negative phrase
AcviForaj - Search - Foraje puturi,dedeman,Campaign negative phrase
AcviForaj - Search - Foraje puturi,leroy merlin,Campaign negative phrase
AcviForaj - Search - Foraje puturi,hornbach,Campaign negative phrase
AcviForaj - Search - Foraje puturi,altex,Campaign negative phrase
AcviForaj - Search - Foraje puturi,brico,Campaign negative phrase
AcviForaj - Search - Foraje puturi,angajare,Campaign negative phrase
AcviForaj - Search - Foraje puturi,angajari,Campaign negative phrase
AcviForaj - Search - Foraje puturi,locuri de munca,Campaign negative phrase
AcviForaj - Search - Foraje puturi,job,Campaign negative phrase
AcviForaj - Search - Foraje puturi,joburi,Campaign negative phrase
AcviForaj - Search - Foraje puturi,salariu,Campaign negative phrase
AcviForaj - Search - Foraje puturi,sofer,Campaign negative phrase
AcviForaj - Search - Foraje puturi,operator,Campaign negative phrase
AcviForaj - Search - Foraje puturi,curs,Campaign negative phrase
AcviForaj - Search - Foraje puturi,cursuri,Campaign negative phrase
AcviForaj - Search - Foraje puturi,facultate,Campaign negative phrase
AcviForaj - Search - Foraje puturi,licenta,Campaign negative phrase
AcviForaj - Search - Foraje puturi,pdf,Campaign negative phrase
AcviForaj - Search - Foraje puturi,wikipedia,Campaign negative phrase
AcviForaj - Search - Foraje puturi,definitie,Campaign negative phrase
AcviForaj - Search - Foraje puturi,ce inseamna,Campaign negative phrase
AcviForaj - Search - Foraje puturi,petrol,Campaign negative phrase
AcviForaj - Search - Foraje puturi,petrolier,Campaign negative phrase
AcviForaj - Search - Foraje puturi,gaze,Campaign negative phrase
AcviForaj - Search - Foraje puturi,foraj orizontal,Campaign negative phrase
AcviForaj - Search - Foraje puturi,foraj dirijat,Campaign negative phrase
AcviForaj - Search - Foraje puturi,foraj sub drum,Campaign negative phrase
AcviForaj - Search - Foraje puturi,inele beton,Campaign negative phrase
AcviForaj - Search - Foraje puturi,tuburi beton,Campaign negative phrase
AcviForaj - Search - Foraje puturi,fantana manuala,Campaign negative phrase
AcviForaj - Search - Foraje puturi,fantana decorativa,Campaign negative phrase
AcviForaj - Search - Foraje puturi,fantana arteziana parc,Campaign negative phrase
AcviForaj - Search - Foraje puturi,minecraft,Campaign negative phrase
AcviForaj - Search - Foraje puturi,joc,Campaign negative phrase
AcviForaj - Search - Foraje puturi,desen,Campaign negative phrase
AcviForaj - Search - Foraje puturi,poze,Campaign negative phrase
AcviForaj - Search - Foraje puturi,imagini,Campaign negative phrase
