Row Type,Action,Keyword status,Level,Campaign,Negative keyword,Type
Negative keyword,Add,Enabled,Campaign,AcviForaj - Search - Foraje puturi,gratis,Phrase match
Negative keyword,Add,Enabled,Campaign,AcviForaj - Search - Foraje puturi,gratuit,Phrase match
Negative keyword,Add,Enabled,Campaign,AcviForaj - Search - Foraje puturi,cum sa,Phrase match
Negative keyword,Add,Enabled,Campaign,AcviForaj - Search - Foraje puturi,cum se,Phrase match
Negative keyword,Add,Enabled,Campaign,AcviForaj - Search - Foraje puturi,singur,Phrase match
Negative keyword,Add,Enabled,Campaign,AcviForaj - Search - Foraje puturi,manual,Phrase match
Negative keyword,Add,Enabled,Campaign,AcviForaj - Search - Foraje puturi,diy,Phrase match
Negative keyword,Add,Enabled,Campaign,AcviForaj - Search - Foraje puturi,burghiu,Phrase match
Negative keyword,Add,Enabled,Campaign,AcviForaj - Search - Foraje puturi,sfredel,Phrase match
Negative keyword,Add,Enabled,Campaign,AcviForaj - Search - Foraje puturi,utilaj foraj,Phrase match
Negative keyword,Add,Enabled,Campaign,AcviForaj - Search - Foraje puturi,instalatie foraj,Phrase match
Negative keyword,Add,Enabled,Campaign,AcviForaj - Search - Foraje puturi,masina de forat,Phrase match
Negative keyword,Add,Enabled,Campaign,AcviForaj - Search - Foraje puturi,vanzare,Phrase match
Negative keyword,Add,Enabled,Campaign,AcviForaj - Search - Foraje puturi,de vanzare,Phrase match
Negative keyword,Add,Enabled,Campaign,AcviForaj - Search - Foraje puturi,second hand,Phrase match
Negative keyword,Add,Enabled,Campaign,AcviForaj - Search - Foraje puturi,inchiriere,Phrase match
Negative keyword,Add,Enabled,Campaign,AcviForaj - Search - Foraje puturi,olx,Phrase match
Negative keyword,Add,Enabled,Campaign,AcviForaj - Search - Foraje puturi,emag,Phrase match
Negative keyword,Add,Enabled,Campaign,AcviForaj - Search - Foraje puturi,dedeman,Phrase match
Negative keyword,Add,Enabled,Campaign,AcviForaj - Search - Foraje puturi,leroy merlin,Phrase match
Negative keyword,Add,Enabled,Campaign,AcviForaj - Search - Foraje puturi,hornbach,Phrase match
Negative keyword,Add,Enabled,Campaign,AcviForaj - Search - Foraje puturi,altex,Phrase match
Negative keyword,Add,Enabled,Campaign,AcviForaj - Search - Foraje puturi,brico,Phrase match
Negative keyword,Add,Enabled,Campaign,AcviForaj - Search - Foraje puturi,angajare,Phrase match
Negative keyword,Add,Enabled,Campaign,AcviForaj - Search - Foraje puturi,angajari,Phrase match
Negative keyword,Add,Enabled,Campaign,AcviForaj - Search - Foraje puturi,locuri de munca,Phrase match
Negative keyword,Add,Enabled,Campaign,AcviForaj - Search - Foraje puturi,job,Phrase match
Negative keyword,Add,Enabled,Campaign,AcviForaj - Search - Foraje puturi,joburi,Phrase match
Negative keyword,Add,Enabled,Campaign,AcviForaj - Search - Foraje puturi,salariu,Phrase match
Negative keyword,Add,Enabled,Campaign,AcviForaj - Search - Foraje puturi,sofer,Phrase match
Negative keyword,Add,Enabled,Campaign,AcviForaj - Search - Foraje puturi,operator,Phrase match
Negative keyword,Add,Enabled,Campaign,AcviForaj - Search - Foraje puturi,curs,Phrase match
Negative keyword,Add,Enabled,Campaign,AcviForaj - Search - Foraje puturi,cursuri,Phrase match
Negative keyword,Add,Enabled,Campaign,AcviForaj - Search - Foraje puturi,facultate,Phrase match
Negative keyword,Add,Enabled,Campaign,AcviForaj - Search - Foraje puturi,licenta,Phrase match
Negative keyword,Add,Enabled,Campaign,AcviForaj - Search - Foraje puturi,pdf,Phrase match
Negative keyword,Add,Enabled,Campaign,AcviForaj - Search - Foraje puturi,wikipedia,Phrase match
Negative keyword,Add,Enabled,Campaign,AcviForaj - Search - Foraje puturi,definitie,Phrase match
Negative keyword,Add,Enabled,Campaign,AcviForaj - Search - Foraje puturi,ce inseamna,Phrase match
Negative keyword,Add,Enabled,Campaign,AcviForaj - Search - Foraje puturi,petrol,Phrase match
Negative keyword,Add,Enabled,Campaign,AcviForaj - Search - Foraje puturi,petrolier,Phrase match
Negative keyword,Add,Enabled,Campaign,AcviForaj - Search - Foraje puturi,gaze,Phrase match
Negative keyword,Add,Enabled,Campaign,AcviForaj - Search - Foraje puturi,foraj orizontal,Phrase match
Negative keyword,Add,Enabled,Campaign,AcviForaj - Search - Foraje puturi,foraj dirijat,Phrase match
Negative keyword,Add,Enabled,Campaign,AcviForaj - Search - Foraje puturi,foraj sub drum,Phrase match
Negative keyword,Add,Enabled,Campaign,AcviForaj - Search - Foraje puturi,inele beton,Phrase match
Negative keyword,Add,Enabled,Campaign,AcviForaj - Search - Foraje puturi,tuburi beton,Phrase match
Negative keyword,Add,Enabled,Campaign,AcviForaj - Search - Foraje puturi,fantana manuala,Phrase match
Negative keyword,Add,Enabled,Campaign,AcviForaj - Search - Foraje puturi,fantana decorativa,Phrase match
Negative keyword,Add,Enabled,Campaign,AcviForaj - Search - Foraje puturi,fantana arteziana parc,Phrase match
Negative keyword,Add,Enabled,Campaign,AcviForaj - Search - Foraje puturi,minecraft,Phrase match
Negative keyword,Add,Enabled,Campaign,AcviForaj - Search - Foraje puturi,joc,Phrase match
Negative keyword,Add,Enabled,Campaign,AcviForaj - Search - Foraje puturi,desen,Phrase match
Negative keyword,Add,Enabled,Campaign,AcviForaj - Search - Foraje puturi,poze,Phrase match
Negative keyword,Add,Enabled,Campaign,AcviForaj - Search - Foraje puturi,imagini,Phrase match
